,acousticness,analysis_url,danceability,duration_ms,energy,id,instrumentalness,key,liveness,loudness,mode,speechiness,tempo,time_signature,track_href,type,uri,valence,class
0,0.966,https://api.spotify.com/v1/audio-analysis/3RYbXTVdT6XtRkr36XZWrc,0.848,136427,0.0547,3RYbXTVdT6XtRkr36XZWrc,0.0,9,0.144,-16.004,0,0.056,109.856,4,https://api.spotify.com/v1/tracks/3RYbXTVdT6XtRkr36XZWrc,audio_features,spotify:track:3RYbXTVdT6XtRkr36XZWrc,0.319,1
1,0.264,https://api.spotify.com/v1/audio-analysis/1aSZICCOHtLKWjGYYgkgBW,0.714,223040,0.876,1aSZICCOHtLKWjGYYgkgBW,8.21e-05,9,0.104,-5.834,1,0.0536,147.984,4,https://api.spotify.com/v1/tracks/1aSZICCOHtLKWjGYYgkgBW,audio_features,spotify:track:1aSZICCOHtLKWjGYYgkgBW,0.832,1
2,0.484,https://api.spotify.com/v1/audio-analysis/1oHmG0JJi1U0OEWDO0ZLtf,0.511,212680,0.726,1oHmG0JJi1U0OEWDO0ZLtf,1.16e-05,4,0.807,-7.069,0,0.0452,145.043,4,https://api.spotify.com/v1/tracks/1oHmG0JJi1U0OEWDO0ZLtf,audio_features,spotify:track:1oHmG0JJi1U0OEWDO0ZLtf,0.707,1
3,0.769,https://api.spotify.com/v1/audio-analysis/6wsutjN16jat9ip9JFfdLX,0.519,222133,0.489,6wsutjN16jat9ip9JFfdLX,0.000147,4,0.368,-8.396,1,0.0325,102.349,4,https://api.spotify.com/v1/tracks/6wsutjN16jat9ip9JFfdLX,audio_features,spotify:track:6wsutjN16jat9ip9JFfdLX,0.456,1
4,0.584,https://api.spotify.com/v1/audio-analysis/6fitB3zIBx8UybcuZg2ADv,0.602,282173,0.466,6fitB3zIBx8UybcuZg2ADv,0.000651,5,0.0964,-11.393,1,0.108,96.304,4,https://api.spotify.com/v1/tracks/6fitB3zIBx8UybcuZg2ADv,audio_features,spotify:track:6fitB3zIBx8UybcuZg2ADv,0.0351,1
5,0.73,https://api.spotify.com/v1/audio-analysis/5bMWY1u9ghi4X6fIAsQRaC,0.325,216611,0.271,5bMWY1u9ghi4X6fIAsQRaC,0.0,7,0.301,-8.069,1,0.0418,71.855,4,https://api.spotify.com/v1/tracks/5bMWY1u9ghi4X6fIAsQRaC,audio_features,spotify:track:5bMWY1u9ghi4X6fIAsQRaC,0.279,1
6,0.922,https://api.spotify.com/v1/audio-analysis/1YKy9m6mpAxJTM3fDLbKAm,0.277,190219,0.198,1YKy9m6mpAxJTM3fDLbKAm,1.32e-05,0,0.123,-12.21,1,0.0393,111.748,3,https://api.spotify.com/v1/tracks/1YKy9m6mpAxJTM3fDLbKAm,audio_features,spotify:track:1YKy9m6mpAxJTM3fDLbKAm,0.106,1
7,0.101,https://api.spotify.com/v1/audio-analysis/4XjT6LdUtPUUORaqSZXyuT,0.792,247507,0.741,4XjT6LdUtPUUORaqSZXyuT,2e-05,10,0.0592,-5.327,0,0.0321,122.067,4,https://api.spotify.com/v1/tracks/4XjT6LdUtPUUORaqSZXyuT,audio_features,spotify:track:4XjT6LdUtPUUORaqSZXyuT,0.789,1
8,0.00191,https://api.spotify.com/v1/audio-analysis/3qUO8HZ53JhMzj1nFwvkQn,0.612,110347,0.578,3qUO8HZ53JhMzj1nFwvkQn,8.95e-06,8,0.312,-7.678,0,0.0429,143.937,4,https://api.spotify.com/v1/tracks/3qUO8HZ53JhMzj1nFwvkQn,audio_features,spotify:track:3qUO8HZ53JhMzj1nFwvkQn,0.524,1
9,0.0139,https://api.spotify.com/v1/audio-analysis/1Bu2sGIK0oPfqTRRUm1GuX,0.56,170373,0.852,1Bu2sGIK0oPfqTRRUm1GuX,0.0,2,0.153,-2.71,0,0.0285,95.972,4,https://api.spotify.com/v1/tracks/1Bu2sGIK0oPfqTRRUm1GuX,audio_features,spotify:track:1Bu2sGIK0oPfqTRRUm1GuX,0.58,1
10,0.0437,https://api.spotify.com/v1/audio-analysis/6k8Lkgsd8Zh6Htdb5Zu4Hi,0.747,196347,0.851,6k8Lkgsd8Zh6Htdb5Zu4Hi,0.0,11,0.0512,-3.875,1,0.115,100.008,4,https://api.spotify.com/v1/tracks/6k8Lkgsd8Zh6Htdb5Zu4Hi,audio_features,spotify:track:6k8Lkgsd8Zh6Htdb5Zu4Hi,0.755,1
11,0.847,https://api.spotify.com/v1/audio-analysis/2aexHUGNNnRaqyBWJekBB5,0.615,227139,0.269,2aexHUGNNnRaqyBWJekBB5,0.129,0,0.0756,-13.939,1,0.0346,107.605,4,https://api.spotify.com/v1/tracks/2aexHUGNNnRaqyBWJekBB5,audio_features,spotify:track:2aexHUGNNnRaqyBWJekBB5,0.112,1
12,0.00827,https://api.spotify.com/v1/audio-analysis/70QkSJjn9CgMxIMnWwiilJ,0.664,195576,0.837,70QkSJjn9CgMxIMnWwiilJ,0.0,2,0.412,-6.095,1,0.0348,107.016,4,https://api.spotify.com/v1/tracks/70QkSJjn9CgMxIMnWwiilJ,audio_features,spotify:track:70QkSJjn9CgMxIMnWwiilJ,0.892,1
13,0.00031,https://api.spotify.com/v1/audio-analysis/5pPR03ONOMd8fIFm75q5KX,0.375,206791,0.931,5pPR03ONOMd8fIFm75q5KX,1.3e-06,7,0.0849,-3.368,1,0.0638,183.016,4,https://api.spotify.com/v1/tracks/5pPR03ONOMd8fIFm75q5KX,audio_features,spotify:track:5pPR03ONOMd8fIFm75q5KX,0.737,1
14,0.552,https://api.spotify.com/v1/audio-analysis/4kJRRGl7F9QwnR8oKWOgVh,0.599,202120,0.196,4kJRRGl7F9QwnR8oKWOgVh,1.87e-05,7,0.0793,-11.694,1,0.0475,127.94,4,https://api.spotify.com/v1/tracks/4kJRRGl7F9QwnR8oKWOgVh,audio_features,spotify:track:4kJRRGl7F9QwnR8oKWOgVh,0.544,1
15,0.123,https://api.spotify.com/v1/audio-analysis/2rkpfDGidNfMB83o6mwdVA,0.688,203024,0.701,2rkpfDGidNfMB83o6mwdVA,5.71e-06,9,0.1,-5.455,1,0.031,124.011,4,https://api.spotify.com/v1/tracks/2rkpfDGidNfMB83o6mwdVA,audio_features,spotify:track:2rkpfDGidNfMB83o6mwdVA,0.614,1
16,0.156,https://api.spotify.com/v1/audio-analysis/5sU3YPrf00coMOzRcHj9Jh,0.515,203604,0.543,5sU3YPrf00coMOzRcHj9Jh,9.45e-05,5,0.0863,-8.759,1,0.0293,164.02,4,https://api.spotify.com/v1/tracks/5sU3YPrf00coMOzRcHj9Jh,audio_features,spotify:track:5sU3YPrf00coMOzRcHj9Jh,0.506,1
17,0.328,https://api.spotify.com/v1/audio-analysis/7d6RUGaRvuDeanz7lg45xM,0.529,178178,0.601,7d6RUGaRvuDeanz7lg45xM,0.0019,9,0.0925,-7.23,0,0.025,107.088,4,https://api.spotify.com/v1/tracks/7d6RUGaRvuDeanz7lg45xM,audio_features,spotify:track:7d6RUGaRvuDeanz7lg45xM,0.371,1
18,0.869,https://api.spotify.com/v1/audio-analysis/0x257EoH70xkaLO0sHZih6,0.757,223089,0.234,0x257EoH70xkaLO0sHZih6,0.000342,11,0.104,-12.421,0,0.0424,91.953,3,https://api.spotify.com/v1/tracks/0x257EoH70xkaLO0sHZih6,audio_features,spotify:track:0x257EoH70xkaLO0sHZih6,0.138,1
19,0.0121,https://api.spotify.com/v1/audio-analysis/4HCDYi0zWM7ImtlNAs64gz,0.448,232702,0.594,4HCDYi0zWM7ImtlNAs64gz,0.00367,6,0.103,-7.718,1,0.0266,93.042,4,https://api.spotify.com/v1/tracks/4HCDYi0zWM7ImtlNAs64gz,audio_features,spotify:track:4HCDYi0zWM7ImtlNAs64gz,0.309,1
20,0.00161,https://api.spotify.com/v1/audio-analysis/5nFFUCLLmnWzAE4hkK4LBE,0.359,214232,0.888,5nFFUCLLmnWzAE4hkK4LBE,3.6e-06,2,0.594,-5.347,1,0.191,158.73,4,https://api.spotify.com/v1/tracks/5nFFUCLLmnWzAE4hkK4LBE,audio_features,spotify:track:5nFFUCLLmnWzAE4hkK4LBE,0.483,1
21,0.092,https://api.spotify.com/v1/audio-analysis/3RALnKE4z6TGLBVAwDiXeG,0.516,193310,0.631,3RALnKE4z6TGLBVAwDiXeG,0.00033,11,0.143,-8.945,0,0.0861,169.968,4,https://api.spotify.com/v1/tracks/3RALnKE4z6TGLBVAwDiXeG,audio_features,spotify:track:3RALnKE4z6TGLBVAwDiXeG,0.448,1
22,0.00138,https://api.spotify.com/v1/audio-analysis/4YFHvy9PsT1ExBAYsTdngn,0.639,219836,0.878,4YFHvy9PsT1ExBAYsTdngn,0.0,2,0.0682,-4.731,1,0.0332,114.09,4,https://api.spotify.com/v1/tracks/4YFHvy9PsT1ExBAYsTdngn,audio_features,spotify:track:4YFHvy9PsT1ExBAYsTdngn,0.605,1
23,0.393,https://api.spotify.com/v1/audio-analysis/0dqJjKKxuKD5Dt3QH2n4CG,0.43,257693,0.641,0dqJjKKxuKD5Dt3QH2n4CG,0.0036,4,0.223,-7.027,1,0.034,100.39,4,https://api.spotify.com/v1/tracks/0dqJjKKxuKD5Dt3QH2n4CG,audio_features,spotify:track:0dqJjKKxuKD5Dt3QH2n4CG,0.288,1
24,1.55e-05,https://api.spotify.com/v1/audio-analysis/7CrTWohCuzWE9VqeErADr8,0.402,196821,0.977,7CrTWohCuzWE9VqeErADr8,1.88e-05,9,0.0508,-2.773,1,0.0506,93.588,4,https://api.spotify.com/v1/tracks/7CrTWohCuzWE9VqeErADr8,audio_features,spotify:track:7CrTWohCuzWE9VqeErADr8,0.276,1
25,0.033,https://api.spotify.com/v1/audio-analysis/3bBwwD63i86ztOqnTS6p3U,0.599,208696,0.812,3bBwwD63i86ztOqnTS6p3U,2.45e-05,9,0.0836,-4.265,1,0.0478,114.998,4,https://api.spotify.com/v1/tracks/3bBwwD63i86ztOqnTS6p3U,audio_features,spotify:track:3bBwwD63i86ztOqnTS6p3U,0.543,1
26,0.186,https://api.spotify.com/v1/audio-analysis/1bwAktsVHRNXsVodGCxor5,0.525,203257,0.422,1bwAktsVHRNXsVodGCxor5,0.0,11,0.129,-8.738,0,0.073,108.308,4,https://api.spotify.com/v1/tracks/1bwAktsVHRNXsVodGCxor5,audio_features,spotify:track:1bwAktsVHRNXsVodGCxor5,0.886,1
27,0.0899,https://api.spotify.com/v1/audio-analysis/42xJQF18QXulsHBDexbk6M,0.391,249573,0.519,42xJQF18QXulsHBDexbk6M,0.0517,4,0.0749,-10.002,1,0.0328,180.011,3,https://api.spotify.com/v1/tracks/42xJQF18QXulsHBDexbk6M,audio_features,spotify:track:42xJQF18QXulsHBDexbk6M,0.238,1
28,0.312,https://api.spotify.com/v1/audio-analysis/2AF5Kzxb4pz7j79Ity84pP,0.48,391829,0.31,2AF5Kzxb4pz7j79Ity84pP,1.47e-05,9,0.113,-7.887,1,0.0258,86.149,4,https://api.spotify.com/v1/tracks/2AF5Kzxb4pz7j79Ity84pP,audio_features,spotify:track:2AF5Kzxb4pz7j79Ity84pP,0.16,1
29,0.263,https://api.spotify.com/v1/audio-analysis/5jpbdcRzYkMKQIYNYzXP8g,0.516,242133,0.714,5jpbdcRzYkMKQIYNYzXP8g,0.0,10,0.317,-5.725,1,0.0331,94.038,4,https://api.spotify.com/v1/tracks/5jpbdcRzYkMKQIYNYzXP8g,audio_features,spotify:track:5jpbdcRzYkMKQIYNYzXP8g,0.552,1
30,0.667,https://api.spotify.com/v1/audio-analysis/2PTIuHK3ei4DrV3KIO982h,0.567,242707,0.249,2PTIuHK3ei4DrV3KIO982h,3.66e-06,8,0.136,-7.91,1,0.0382,68.018,3,https://api.spotify.com/v1/tracks/2PTIuHK3ei4DrV3KIO982h,audio_features,spotify:track:2PTIuHK3ei4DrV3KIO982h,0.207,1
31,0.0157,https://api.spotify.com/v1/audio-analysis/015tQclisbZLRTMhNhEK3R,0.672,190573,0.512,015tQclisbZLRTMhNhEK3R,0.000104,11,0.0937,-8.261,1,0.033,128.046,4,https://api.spotify.com/v1/tracks/015tQclisbZLRTMhNhEK3R,audio_features,spotify:track:015tQclisbZLRTMhNhEK3R,0.495,1
32,0.0107,https://api.spotify.com/v1/audio-analysis/6iPvEfOr6tLOt321pef8zC,0.539,246341,0.597,6iPvEfOr6tLOt321pef8zC,5.44e-06,0,0.166,-5.974,1,0.0381,170.069,3,https://api.spotify.com/v1/tracks/6iPvEfOr6tLOt321pef8zC,audio_features,spotify:track:6iPvEfOr6tLOt321pef8zC,0.264,1
33,0.00201,https://api.spotify.com/v1/audio-analysis/10N1an5e2CqmvHd2aGOENW,0.52,195717,0.847,10N1an5e2CqmvHd2aGOENW,1.41e-06,2,0.325,-4.222,1,0.0741,120.255,4,https://api.spotify.com/v1/tracks/10N1an5e2CqmvHd2aGOENW,audio_features,spotify:track:10N1an5e2CqmvHd2aGOENW,0.612,1
34,0.00299,https://api.spotify.com/v1/audio-analysis/685zlleGxc9sPJea7jUoMW,0.44,189239,0.801,685zlleGxc9sPJea7jUoMW,9.8e-05,10,0.0851,-6.426,0,0.0988,160.025,4,https://api.spotify.com/v1/tracks/685zlleGxc9sPJea7jUoMW,audio_features,spotify:track:685zlleGxc9sPJea7jUoMW,0.45,1
35,0.968,https://api.spotify.com/v1/audio-analysis/0QZ5yyl6B6utIWkxeBDxQN,0.441,208227,0.379,0QZ5yyl6B6utIWkxeBDxQN,0.262,2,0.639,-9.545,1,0.0449,174.118,3,https://api.spotify.com/v1/tracks/0QZ5yyl6B6utIWkxeBDxQN,audio_features,spotify:track:0QZ5yyl6B6utIWkxeBDxQN,0.105,1
36,0.0161,https://api.spotify.com/v1/audio-analysis/41dykwc7XRMk44xgg8hykQ,0.577,212543,0.48,41dykwc7XRMk44xgg8hykQ,0.0,8,0.104,-5.908,1,0.0297,76.54,4,https://api.spotify.com/v1/tracks/41dykwc7XRMk44xgg8hykQ,audio_features,spotify:track:41dykwc7XRMk44xgg8hykQ,0.422,1
37,0.587,https://api.spotify.com/v1/audio-analysis/3qoLDrovHrQnAr3LulWmBH,0.631,253500,0.656,3qoLDrovHrQnAr3LulWmBH,0.0,5,0.279,-7.192,1,0.122,112.076,4,https://api.spotify.com/v1/tracks/3qoLDrovHrQnAr3LulWmBH,audio_features,spotify:track:3qoLDrovHrQnAr3LulWmBH,0.766,1
38,0.6,https://api.spotify.com/v1/audio-analysis/3bpGAsjsCIMTz98E7injb2,0.717,294261,0.567,3bpGAsjsCIMTz98E7injb2,4.85e-06,7,0.205,-9.166,1,0.0329,114.976,4,https://api.spotify.com/v1/tracks/3bpGAsjsCIMTz98E7injb2,audio_features,spotify:track:3bpGAsjsCIMTz98E7injb2,0.728,1
39,0.179,https://api.spotify.com/v1/audio-analysis/2fDdW9LPYBD5KwYXRYpWce,0.68,268400,0.62,2fDdW9LPYBD5KwYXRYpWce,1.92e-06,11,0.0587,-8.956,1,0.0521,149.988,4,https://api.spotify.com/v1/tracks/2fDdW9LPYBD5KwYXRYpWce,audio_features,spotify:track:2fDdW9LPYBD5KwYXRYpWce,0.869,1
40,0.198,https://api.spotify.com/v1/audio-analysis/3rSv6B7qY7KW9hR5lMwCWX,0.569,227330,0.659,3rSv6B7qY7KW9hR5lMwCWX,0.00618,0,0.142,-6.839,1,0.083,167.893,4,https://api.spotify.com/v1/tracks/3rSv6B7qY7KW9hR5lMwCWX,audio_features,spotify:track:3rSv6B7qY7KW9hR5lMwCWX,0.612,1
41,0.865,https://api.spotify.com/v1/audio-analysis/5gZHdhzGOBV3wUloNAVfm1,0.633,228673,0.251,5gZHdhzGOBV3wUloNAVfm1,0.0,0,0.0981,-9.502,1,0.0387,120.895,4,https://api.spotify.com/v1/tracks/5gZHdhzGOBV3wUloNAVfm1,audio_features,spotify:track:5gZHdhzGOBV3wUloNAVfm1,0.312,1
42,0.216,https://api.spotify.com/v1/audio-analysis/0I5dM0TUz3p33re4kLdsXJ,0.682,290385,0.65,0I5dM0TUz3p33re4kLdsXJ,9.48e-06,5,0.0947,-7.231,1,0.0457,109.986,4,https://api.spotify.com/v1/tracks/0I5dM0TUz3p33re4kLdsXJ,audio_features,spotify:track:0I5dM0TUz3p33re4kLdsXJ,0.378,1
43,0.645,https://api.spotify.com/v1/audio-analysis/2mDeWOqdFJLV2zsrTCPG0T,0.769,243601,0.546,2mDeWOqdFJLV2zsrTCPG0T,0.000231,0,0.0948,-8.27,0,0.0387,120.22,4,https://api.spotify.com/v1/tracks/2mDeWOqdFJLV2zsrTCPG0T,audio_features,spotify:track:2mDeWOqdFJLV2zsrTCPG0T,0.603,1
44,0.38,https://api.spotify.com/v1/audio-analysis/6U4sPtUkR3JjmhJiulSS9A,0.664,192002,0.774,6U4sPtUkR3JjmhJiulSS9A,6.2e-06,6,0.0439,-6.27,0,0.309,96.794,4,https://api.spotify.com/v1/tracks/6U4sPtUkR3JjmhJiulSS9A,audio_features,spotify:track:6U4sPtUkR3JjmhJiulSS9A,0.684,1
45,0.0518,https://api.spotify.com/v1/audio-analysis/0nNY7kR1TjRcZYAMi08rCy,0.755,227704,0.459,0nNY7kR1TjRcZYAMi08rCy,9.42e-06,10,0.233,-8.58,0,0.299,150.01,4,https://api.spotify.com/v1/tracks/0nNY7kR1TjRcZYAMi08rCy,audio_features,spotify:track:0nNY7kR1TjRcZYAMi08rCy,0.38,1
46,0.847,https://api.spotify.com/v1/audio-analysis/4ktAIutrCjL3oD9rR1aEWU,0.559,176919,0.352,4ktAIutrCjL3oD9rR1aEWU,1.5e-06,1,0.103,-6.807,1,0.0362,134.253,4,https://api.spotify.com/v1/tracks/4ktAIutrCjL3oD9rR1aEWU,audio_features,spotify:track:4ktAIutrCjL3oD9rR1aEWU,0.548,1
47,0.47,https://api.spotify.com/v1/audio-analysis/0fIFjeeLJjIBliWUCsxyMF,0.583,226906,0.677,0fIFjeeLJjIBliWUCsxyMF,0.193,4,0.43,-10.21,0,0.439,176.119,4,https://api.spotify.com/v1/tracks/0fIFjeeLJjIBliWUCsxyMF,audio_features,spotify:track:0fIFjeeLJjIBliWUCsxyMF,0.495,1
48,0.0822,https://api.spotify.com/v1/audio-analysis/003eoIwxETJujVWmNFMoZy,0.353,193680,0.755,003eoIwxETJujVWmNFMoZy,0.0,1,0.39,-6.276,0,0.733,191.153,4,https://api.spotify.com/v1/tracks/003eoIwxETJujVWmNFMoZy,audio_features,spotify:track:003eoIwxETJujVWmNFMoZy,0.437,1
49,0.354,https://api.spotify.com/v1/audio-analysis/6u4FmqYOPznjLlULi5hIYQ,0.427,228160,0.443,6u4FmqYOPznjLlULi5hIYQ,0.0,10,0.173,-7.43,1,0.0381,139.797,4,https://api.spotify.com/v1/tracks/6u4FmqYOPznjLlULi5hIYQ,audio_features,spotify:track:6u4FmqYOPznjLlULi5hIYQ,0.149,1
50,0.554,https://api.spotify.com/v1/audio-analysis/0lczHKLHGd8LuzgrzIJ0nO,0.47,202093,0.448,0lczHKLHGd8LuzgrzIJ0nO,0.0,0,0.113,-7.564,1,0.0422,139.581,4,https://api.spotify.com/v1/tracks/0lczHKLHGd8LuzgrzIJ0nO,audio_features,spotify:track:0lczHKLHGd8LuzgrzIJ0nO,0.122,1
51,0.568,https://api.spotify.com/v1/audio-analysis/3P19NoMAGg72XG22EOf4zm,0.293,281693,0.318,3P19NoMAGg72XG22EOf4zm,0.0,7,0.104,-7.126,1,0.0321,77.057,3,https://api.spotify.com/v1/tracks/3P19NoMAGg72XG22EOf4zm,audio_features,spotify:track:3P19NoMAGg72XG22EOf4zm,0.18,1
52,0.205,https://api.spotify.com/v1/audio-analysis/02CygBCQOIyEuhNZqHHcNx,0.802,261881,0.607,02CygBCQOIyEuhNZqHHcNx,0.000748,11,0.246,-11.028,0,0.289,96.916,4,https://api.spotify.com/v1/tracks/02CygBCQOIyEuhNZqHHcNx,audio_features,spotify:track:02CygBCQOIyEuhNZqHHcNx,0.274,1
53,0.364,https://api.spotify.com/v1/audio-analysis/4A7DUET5H4f7dJkUhjfVFB,0.788,194023,0.711,4A7DUET5H4f7dJkUhjfVFB,2.07e-05,1,0.0838,-7.811,0,0.0597,104.149,4,https://api.spotify.com/v1/tracks/4A7DUET5H4f7dJkUhjfVFB,audio_features,spotify:track:4A7DUET5H4f7dJkUhjfVFB,0.802,1
54,0.33,https://api.spotify.com/v1/audio-analysis/0lwxoD5HvrMldBN5bvAQ45,0.78,119455,0.494,0lwxoD5HvrMldBN5bvAQ45,0.000725,4,0.341,-14.187,1,0.0467,109.995,4,https://api.spotify.com/v1/tracks/0lwxoD5HvrMldBN5bvAQ45,audio_features,spotify:track:0lwxoD5HvrMldBN5bvAQ45,0.798,1
55,0.314,https://api.spotify.com/v1/audio-analysis/5my5Top5R0zr05ePlRl659,0.422,217320,0.784,5my5Top5R0zr05ePlRl659,4.47e-06,9,0.0513,-5.721,1,0.362,160.162,4,https://api.spotify.com/v1/tracks/5my5Top5R0zr05ePlRl659,audio_features,spotify:track:5my5Top5R0zr05ePlRl659,0.43,1
56,0.828,https://api.spotify.com/v1/audio-analysis/5P7N4TZ5Cxf44kwCn4uYuJ,0.36,291467,0.23,5P7N4TZ5Cxf44kwCn4uYuJ,0.0133,0,0.107,-11.939,1,0.032,108.931,4,https://api.spotify.com/v1/tracks/5P7N4TZ5Cxf44kwCn4uYuJ,audio_features,spotify:track:5P7N4TZ5Cxf44kwCn4uYuJ,0.09,1
57,0.678,https://api.spotify.com/v1/audio-analysis/2neccDopRlmdc6juHMEnXG,0.615,211333,0.66,2neccDopRlmdc6juHMEnXG,0.0139,6,0.148,-7.027,1,0.066,118.631,4,https://api.spotify.com/v1/tracks/2neccDopRlmdc6juHMEnXG,audio_features,spotify:track:2neccDopRlmdc6juHMEnXG,0.407,1
58,0.636,https://api.spotify.com/v1/audio-analysis/1zkkvSLk5Nh4uoyKWwuie9,0.564,174387,0.294,1zkkvSLk5Nh4uoyKWwuie9,0.0,7,0.0982,-8.885,0,0.0349,149.98,4,https://api.spotify.com/v1/tracks/1zkkvSLk5Nh4uoyKWwuie9,audio_features,spotify:track:1zkkvSLk5Nh4uoyKWwuie9,0.213,1
59,0.466,https://api.spotify.com/v1/audio-analysis/6fc51JZVE0Yijdi6RuoLFv,0.754,213973,0.405,6fc51JZVE0Yijdi6RuoLFv,0.00179,7,0.1,-11.547,1,0.0378,114.938,4,https://api.spotify.com/v1/tracks/6fc51JZVE0Yijdi6RuoLFv,audio_features,spotify:track:6fc51JZVE0Yijdi6RuoLFv,0.0843,1
60,0.0168,https://api.spotify.com/v1/audio-analysis/71N5U2T2S6QT4uCCKa3KLr,0.658,137947,0.833,71N5U2T2S6QT4uCCKa3KLr,0.221,9,0.101,-4.367,1,0.0667,149.739,4,https://api.spotify.com/v1/tracks/71N5U2T2S6QT4uCCKa3KLr,audio_features,spotify:track:71N5U2T2S6QT4uCCKa3KLr,0.699,1
61,0.299,https://api.spotify.com/v1/audio-analysis/4YAkYUi43jgr348iie3rCY,0.685,186253,0.678,4YAkYUi43jgr348iie3rCY,0.0,2,0.135,-6.167,1,0.0265,112.038,4,https://api.spotify.com/v1/tracks/4YAkYUi43jgr348iie3rCY,audio_features,spotify:track:4YAkYUi43jgr348iie3rCY,0.615,1
62,0.0102,https://api.spotify.com/v1/audio-analysis/6TgoNsNUcSh32eGhZFPQpi,0.615,199615,0.732,6TgoNsNUcSh32eGhZFPQpi,2.53e-05,7,0.158,-7.439,1,0.0366,104.034,4,https://api.spotify.com/v1/tracks/6TgoNsNUcSh32eGhZFPQpi,audio_features,spotify:track:6TgoNsNUcSh32eGhZFPQpi,0.817,1
63,0.0426,https://api.spotify.com/v1/audio-analysis/3hlZvuiaHjiMRXoH8iYYVT,0.758,185440,0.721,3hlZvuiaHjiMRXoH8iYYVT,8.48e-05,0,0.105,-6.474,1,0.0344,120.002,4,https://api.spotify.com/v1/tracks/3hlZvuiaHjiMRXoH8iYYVT,audio_features,spotify:track:3hlZvuiaHjiMRXoH8iYYVT,0.8,1
64,0.00398,https://api.spotify.com/v1/audio-analysis/7FW9GsgQkIVr6hFNn60BQw,0.227,231200,0.659,7FW9GsgQkIVr6hFNn60BQw,0.00613,10,0.151,-6.327,1,0.0441,141.937,4,https://api.spotify.com/v1/tracks/7FW9GsgQkIVr6hFNn60BQw,audio_features,spotify:track:7FW9GsgQkIVr6hFNn60BQw,0.218,1
65,0.00218,https://api.spotify.com/v1/audio-analysis/24SPGR3gqiSsJqKmL86fuP,0.235,141840,0.859,24SPGR3gqiSsJqKmL86fuP,0.000106,2,0.127,-5.958,1,0.0536,133.044,4,https://api.spotify.com/v1/tracks/24SPGR3gqiSsJqKmL86fuP,audio_features,spotify:track:24SPGR3gqiSsJqKmL86fuP,0.237,1
66,0.892,https://api.spotify.com/v1/audio-analysis/7N2ikSBHdJ82MqjC7GYHvX,0.431,133474,0.205,7N2ikSBHdJ82MqjC7GYHvX,2.81e-05,11,0.391,-14.08,0,0.379,207.573,3,https://api.spotify.com/v1/tracks/7N2ikSBHdJ82MqjC7GYHvX,audio_features,spotify:track:7N2ikSBHdJ82MqjC7GYHvX,0.326,1
67,0.126,https://api.spotify.com/v1/audio-analysis/7qHPOydWy2c3iKsibA31ch,0.538,209707,0.728,7qHPOydWy2c3iKsibA31ch,0.0221,1,0.161,-7.21,0,0.293,188.003,4,https://api.spotify.com/v1/tracks/7qHPOydWy2c3iKsibA31ch,audio_features,spotify:track:7qHPOydWy2c3iKsibA31ch,0.576,1
68,0.79,https://api.spotify.com/v1/audio-analysis/2IWATEo08kcmWA3D7aCJ1K,0.457,355009,0.412,2IWATEo08kcmWA3D7aCJ1K,0.263,6,0.116,-12.814,1,0.0381,111.046,5,https://api.spotify.com/v1/tracks/2IWATEo08kcmWA3D7aCJ1K,audio_features,spotify:track:2IWATEo08kcmWA3D7aCJ1K,0.149,1
69,0.584,https://api.spotify.com/v1/audio-analysis/29VPwR2Do4NtybwjqgnH3l,0.704,171639,0.271,29VPwR2Do4NtybwjqgnH3l,0.0,10,0.229,-9.356,0,0.0338,121.856,4,https://api.spotify.com/v1/tracks/29VPwR2Do4NtybwjqgnH3l,audio_features,spotify:track:29VPwR2Do4NtybwjqgnH3l,0.176,1
70,0.117,https://api.spotify.com/v1/audio-analysis/0tlTQZvnn9YFWlKB5izERi,0.75,187635,0.425,0tlTQZvnn9YFWlKB5izERi,0.0,9,0.117,-7.547,1,0.0449,79.059,4,https://api.spotify.com/v1/tracks/0tlTQZvnn9YFWlKB5izERi,audio_features,spotify:track:0tlTQZvnn9YFWlKB5izERi,0.363,1
71,0.763,https://api.spotify.com/v1/audio-analysis/4TwbDa5cmyCd79Sjz7m5yp,0.325,352987,0.764,4TwbDa5cmyCd79Sjz7m5yp,4.39e-05,4,0.0991,-5.886,1,0.049,182.552,3,https://api.spotify.com/v1/tracks/4TwbDa5cmyCd79Sjz7m5yp,audio_features,spotify:track:4TwbDa5cmyCd79Sjz7m5yp,0.234,1
72,0.637,https://api.spotify.com/v1/audio-analysis/06VJPgDWtfRjN2Db5io2Oy,0.21,227051,0.863,06VJPgDWtfRjN2Db5io2Oy,1.09e-05,4,0.108,-5.711,1,0.0922,201.1,3,https://api.spotify.com/v1/tracks/06VJPgDWtfRjN2Db5io2Oy,audio_features,spotify:track:06VJPgDWtfRjN2Db5io2Oy,0.347,1
73,0.667,https://api.spotify.com/v1/audio-analysis/6PlAiCxjWPYDUHwGdYFNxe,0.486,271639,0.873,6PlAiCxjWPYDUHwGdYFNxe,0.0,6,0.118,-6.584,0,0.07,77.695,4,https://api.spotify.com/v1/tracks/6PlAiCxjWPYDUHwGdYFNxe,audio_features,spotify:track:6PlAiCxjWPYDUHwGdYFNxe,0.406,1
74,0.0116,https://api.spotify.com/v1/audio-analysis/7eOWjJyTATyUenXcr469cW,0.522,211144,0.856,7eOWjJyTATyUenXcr469cW,0.0,1,0.263,-5.969,1,0.0769,80.027,4,https://api.spotify.com/v1/tracks/7eOWjJyTATyUenXcr469cW,audio_features,spotify:track:7eOWjJyTATyUenXcr469cW,0.686,1
75,0.0272,https://api.spotify.com/v1/audio-analysis/3BDxv4ORzOpXAsa4lWVl4i,0.577,168613,0.939,3BDxv4ORzOpXAsa4lWVl4i,0.0,1,0.24,-1.352,0,0.108,105.092,4,https://api.spotify.com/v1/tracks/3BDxv4ORzOpXAsa4lWVl4i,audio_features,spotify:track:3BDxv4ORzOpXAsa4lWVl4i,0.714,1
76,0.709,https://api.spotify.com/v1/audio-analysis/1afLRSK8mWa7f1PBXCsZmz,0.958,190480,0.35,1afLRSK8mWa7f1PBXCsZmz,1.29e-05,7,0.101,-12.1,1,0.0905,119.982,4,https://api.spotify.com/v1/tracks/1afLRSK8mWa7f1PBXCsZmz,audio_features,spotify:track:1afLRSK8mWa7f1PBXCsZmz,0.849,1
77,0.0038,https://api.spotify.com/v1/audio-analysis/7AkyvzRMEsWtZsx2dJ8j1W,0.358,168040,0.918,7AkyvzRMEsWtZsx2dJ8j1W,0.0,5,0.273,-3.344,0,0.189,131.596,3,https://api.spotify.com/v1/tracks/7AkyvzRMEsWtZsx2dJ8j1W,audio_features,spotify:track:7AkyvzRMEsWtZsx2dJ8j1W,0.489,1
78,0.0176,https://api.spotify.com/v1/audio-analysis/13Qmlgk3d0P9E81Vjf0MJq,0.458,235467,0.906,13Qmlgk3d0P9E81Vjf0MJq,1.34e-06,8,0.575,-4.112,1,0.0599,122.936,4,https://api.spotify.com/v1/tracks/13Qmlgk3d0P9E81Vjf0MJq,audio_features,spotify:track:13Qmlgk3d0P9E81Vjf0MJq,0.494,1
79,0.391,https://api.spotify.com/v1/audio-analysis/31FE5PNTIS51l1OR8Jb2cy,0.467,234027,0.804,31FE5PNTIS51l1OR8Jb2cy,0.0,9,0.272,-4.511,1,0.0474,77.98,4,https://api.spotify.com/v1/tracks/31FE5PNTIS51l1OR8Jb2cy,audio_features,spotify:track:31FE5PNTIS51l1OR8Jb2cy,0.844,1
80,0.309,https://api.spotify.com/v1/audio-analysis/1eoBjst5AVu1y4Wn4dkD9A,0.485,255880,0.868,1eoBjst5AVu1y4Wn4dkD9A,0.0,4,0.1,-4.372,0,0.0569,135.146,4,https://api.spotify.com/v1/tracks/1eoBjst5AVu1y4Wn4dkD9A,audio_features,spotify:track:1eoBjst5AVu1y4Wn4dkD9A,0.614,1
81,0.105,https://api.spotify.com/v1/audio-analysis/42QcymKCITN8f9UTIFvzWw,0.484,209112,0.738,42QcymKCITN8f9UTIFvzWw,0.0,7,0.384,-3.18,1,0.039,83.261,4,https://api.spotify.com/v1/tracks/42QcymKCITN8f9UTIFvzWw,audio_features,spotify:track:42QcymKCITN8f9UTIFvzWw,0.761,1
82,0.429,https://api.spotify.com/v1/audio-analysis/4aBiGqTiHfKKoBPmuyo3jE,0.635,228960,0.688,4aBiGqTiHfKKoBPmuyo3jE,1.38e-06,4,0.252,-3.952,0,0.108,102.064,4,https://api.spotify.com/v1/tracks/4aBiGqTiHfKKoBPmuyo3jE,audio_features,spotify:track:4aBiGqTiHfKKoBPmuyo3jE,0.746,1
83,0.924,https://api.spotify.com/v1/audio-analysis/3kZC0ZmFWrEHdUCmUqlvgZ,0.517,189187,0.206,3kZC0ZmFWrEHdUCmUqlvgZ,0.0,5,0.118,-12.233,1,0.0421,80.401,4,https://api.spotify.com/v1/tracks/3kZC0ZmFWrEHdUCmUqlvgZ,audio_features,spotify:track:3kZC0ZmFWrEHdUCmUqlvgZ,0.489,1
84,0.146,https://api.spotify.com/v1/audio-analysis/0fxfKBcRRwbJajsIxuyO8u,0.629,262588,0.695,0fxfKBcRRwbJajsIxuyO8u,0.0,11,0.144,-7.344,1,0.344,84.806,4,https://api.spotify.com/v1/tracks/0fxfKBcRRwbJajsIxuyO8u,audio_features,spotify:track:0fxfKBcRRwbJajsIxuyO8u,0.648,1
85,0.374,https://api.spotify.com/v1/audio-analysis/0zX0THNASCrF1GPLwMF898,0.658,263499,0.662,0zX0THNASCrF1GPLwMF898,0.0,3,0.198,-6.176,1,0.153,119.653,4,https://api.spotify.com/v1/tracks/0zX0THNASCrF1GPLwMF898,audio_features,spotify:track:0zX0THNASCrF1GPLwMF898,0.652,1
86,0.764,https://api.spotify.com/v1/audio-analysis/7CEgwVvCspnqeFRILIR74M,0.763,231485,0.316,7CEgwVvCspnqeFRILIR74M,0.0,7,0.105,-8.967,1,0.0889,134.945,4,https://api.spotify.com/v1/tracks/7CEgwVvCspnqeFRILIR74M,audio_features,spotify:track:7CEgwVvCspnqeFRILIR74M,0.246,1
87,0.769,https://api.spotify.com/v1/audio-analysis/4sUZyv9gxb6Sr0i67lHCmc,0.5,304754,0.682,4sUZyv9gxb6Sr0i67lHCmc,0.0,4,0.0946,-4.017,1,0.0694,207.04,4,https://api.spotify.com/v1/tracks/4sUZyv9gxb6Sr0i67lHCmc,audio_features,spotify:track:4sUZyv9gxb6Sr0i67lHCmc,0.461,1
88,0.787,https://api.spotify.com/v1/audio-analysis/3YE4ZAsp3T9z33T5sCFqZl,0.736,220678,0.658,3YE4ZAsp3T9z33T5sCFqZl,0.00012,4,0.114,-3.802,1,0.0262,99.043,4,https://api.spotify.com/v1/tracks/3YE4ZAsp3T9z33T5sCFqZl,audio_features,spotify:track:3YE4ZAsp3T9z33T5sCFqZl,0.719,1
89,0.136,https://api.spotify.com/v1/audio-analysis/25tYQ6Js4zWNPwLWmXpU4P,0.506,238598,0.463,25tYQ6Js4zWNPwLWmXpU4P,0.00014,0,0.137,-7.103,1,0.0302,125.089,4,https://api.spotify.com/v1/tracks/25tYQ6Js4zWNPwLWmXpU4P,audio_features,spotify:track:25tYQ6Js4zWNPwLWmXpU4P,0.289,1
90,0.0411,https://api.spotify.com/v1/audio-analysis/5IxzEYM9qUdMqsRCqvQCxd,0.321,236042,0.601,5IxzEYM9qUdMqsRCqvQCxd,0.0,9,0.525,-6.506,0,0.0545,97.714,5,https://api.spotify.com/v1/tracks/5IxzEYM9qUdMqsRCqvQCxd,audio_features,spotify:track:5IxzEYM9qUdMqsRCqvQCxd,0.362,1
91,0.568,https://api.spotify.com/v1/audio-analysis/2GTdQHIGs4Q7Kij7AFvQk3,0.687,203571,0.537,2GTdQHIGs4Q7Kij7AFvQk3,3.91e-06,4,0.0922,-4.313,1,0.0451,168.103,4,https://api.spotify.com/v1/tracks/2GTdQHIGs4Q7Kij7AFvQk3,audio_features,spotify:track:2GTdQHIGs4Q7Kij7AFvQk3,0.724,1
92,0.0492,https://api.spotify.com/v1/audio-analysis/7KcaLwt7MwfCGgqmdKiJUl,0.578,195440,0.676,7KcaLwt7MwfCGgqmdKiJUl,0.0,2,0.1,-6.536,1,0.05,117.913,4,https://api.spotify.com/v1/tracks/7KcaLwt7MwfCGgqmdKiJUl,audio_features,spotify:track:7KcaLwt7MwfCGgqmdKiJUl,0.54,1
93,0.00847,https://api.spotify.com/v1/audio-analysis/0GO8y8jQk1PkHzS31d699N,0.56,218013,0.936,0GO8y8jQk1PkHzS31d699N,0.0,3,0.161,-5.835,1,0.0439,112.96,4,https://api.spotify.com/v1/tracks/0GO8y8jQk1PkHzS31d699N,audio_features,spotify:track:0GO8y8jQk1PkHzS31d699N,0.371,1
94,0.0364,https://api.spotify.com/v1/audio-analysis/7JZzh5uLVSpPzp5IGtlph9,0.652,202093,0.791,7JZzh5uLVSpPzp5IGtlph9,0.0,7,0.0372,-4.957,1,0.0586,139.95,4,https://api.spotify.com/v1/tracks/7JZzh5uLVSpPzp5IGtlph9,audio_features,spotify:track:7JZzh5uLVSpPzp5IGtlph9,0.734,1
95,0.0777,https://api.spotify.com/v1/audio-analysis/52yC8pZMs3XELEqAp1BpHp,0.392,193429,0.718,52yC8pZMs3XELEqAp1BpHp,0.0,0,0.0848,-5.253,1,0.0401,117.433,4,https://api.spotify.com/v1/tracks/52yC8pZMs3XELEqAp1BpHp,audio_features,spotify:track:52yC8pZMs3XELEqAp1BpHp,0.49,1
96,0.64,https://api.spotify.com/v1/audio-analysis/15LzvCtoJWwsrTWJMWUTOv,0.644,216600,0.319,15LzvCtoJWwsrTWJMWUTOv,4.9e-05,6,0.149,-9.105,0,0.0362,114.038,4,https://api.spotify.com/v1/tracks/15LzvCtoJWwsrTWJMWUTOv,audio_features,spotify:track:15LzvCtoJWwsrTWJMWUTOv,0.0955,1
97,0.00146,https://api.spotify.com/v1/audio-analysis/5QJuMhGWTUB4t9BqR7ndL3,0.492,221360,0.666,5QJuMhGWTUB4t9BqR7ndL3,1.29e-06,2,0.104,-6.42,1,0.0317,125.042,4,https://api.spotify.com/v1/tracks/5QJuMhGWTUB4t9BqR7ndL3,audio_features,spotify:track:5QJuMhGWTUB4t9BqR7ndL3,0.26,1
98,0.000507,https://api.spotify.com/v1/audio-analysis/2etgPkuCToUE6atigggiDW,0.501,238133,0.72,2etgPkuCToUE6atigggiDW,0.237,7,0.0978,-8.27,1,0.0314,139.021,4,https://api.spotify.com/v1/tracks/2etgPkuCToUE6atigggiDW,audio_features,spotify:track:2etgPkuCToUE6atigggiDW,0.549,1
99,0.811,https://api.spotify.com/v1/audio-analysis/01i8MZrj2g3sBCSANII4DF,0.652,119413,0.401,01i8MZrj2g3sBCSANII4DF,0.000236,7,0.18,-10.671,1,0.031,101.239,3,https://api.spotify.com/v1/tracks/01i8MZrj2g3sBCSANII4DF,audio_features,spotify:track:01i8MZrj2g3sBCSANII4DF,0.48,1
0,0.025,https://api.spotify.com/v1/audio-analysis/2Fh8q3YYsCG0VlNeJ3rb2w,0.489,183723,0.898,2Fh8q3YYsCG0VlNeJ3rb2w,4.11e-06,5,0.255,-4.369,1,0.0365,164.032,4,https://api.spotify.com/v1/tracks/2Fh8q3YYsCG0VlNeJ3rb2w,audio_features,spotify:track:2Fh8q3YYsCG0VlNeJ3rb2w,0.763,0
1,0.00101,https://api.spotify.com/v1/audio-analysis/4YX7OBp0yoMwC6eZNNg5ky,0.563,180243,0.772,4YX7OBp0yoMwC6eZNNg5ky,1.95e-05,5,0.214,-6.737,1,0.0593,119.909,4,https://api.spotify.com/v1/tracks/4YX7OBp0yoMwC6eZNNg5ky,audio_features,spotify:track:4YX7OBp0yoMwC6eZNNg5ky,0.394,0
2,0.252,https://api.spotify.com/v1/audio-analysis/4Bzs0eTQVVJxBSz4ljzics,0.384,191187,0.446,4Bzs0eTQVVJxBSz4ljzics,0.0,11,0.185,-7.807,1,0.0299,180.181,3,https://api.spotify.com/v1/tracks/4Bzs0eTQVVJxBSz4ljzics,audio_features,spotify:track:4Bzs0eTQVVJxBSz4ljzics,0.399,0
3,0.0292,https://api.spotify.com/v1/audio-analysis/7Il2yWQmsqKgSkLQvHTPUI,0.474,195987,0.594,7Il2yWQmsqKgSkLQvHTPUI,0.0,11,0.133,-5.756,1,0.0289,86.131,4,https://api.spotify.com/v1/tracks/7Il2yWQmsqKgSkLQvHTPUI,audio_features,spotify:track:7Il2yWQmsqKgSkLQvHTPUI,0.503,0
4,0.00585,https://api.spotify.com/v1/audio-analysis/4gB7HrYHbJVJ5RFOjxmoq4,0.544,221800,0.781,4gB7HrYHbJVJ5RFOjxmoq4,0.0,6,0.191,-6.16,0,0.0311,144.075,4,https://api.spotify.com/v1/tracks/4gB7HrYHbJVJ5RFOjxmoq4,audio_features,spotify:track:4gB7HrYHbJVJ5RFOjxmoq4,0.527,0
5,0.201,https://api.spotify.com/v1/audio-analysis/3N2AIfVOq6NiTcWHIP4Oco,0.386,213024,0.799,3N2AIfVOq6NiTcWHIP4Oco,0.0,2,0.103,-3.789,1,0.0555,86.333,4,https://api.spotify.com/v1/tracks/3N2AIfVOq6NiTcWHIP4Oco,audio_features,spotify:track:3N2AIfVOq6NiTcWHIP4Oco,0.391,0
6,0.323,https://api.spotify.com/v1/audio-analysis/2u7Nm46dAujcAi5Rw79CJL,0.606,182493,0.652,2u7Nm46dAujcAi5Rw79CJL,0.0,9,0.201,-6.982,1,0.0281,97.155,4,https://api.spotify.com/v1/tracks/2u7Nm46dAujcAi5Rw79CJL,audio_features,spotify:track:2u7Nm46dAujcAi5Rw79CJL,0.476,0
7,0.143,https://api.spotify.com/v1/audio-analysis/2ZxTjs4EdJl4Y9YByIiNoo,0.375,196800,0.574,2ZxTjs4EdJl4Y9YByIiNoo,0.0,7,0.11,-5.305,1,0.0315,132.025,3,https://api.spotify.com/v1/tracks/2ZxTjs4EdJl4Y9YByIiNoo,audio_features,spotify:track:2ZxTjs4EdJl4Y9YByIiNoo,0.406,0
8,0.123,https://api.spotify.com/v1/audio-analysis/1Be8liECvEP5NYZjYvukbI,0.56,198467,0.679,1Be8liECvEP5NYZjYvukbI,2.46e-05,5,0.224,-4.527,1,0.0236,92.928,4,https://api.spotify.com/v1/tracks/1Be8liECvEP5NYZjYvukbI,audio_features,spotify:track:1Be8liECvEP5NYZjYvukbI,0.622,0
9,0.0441,https://api.spotify.com/v1/audio-analysis/3IPkbTA8KkdDXyWtGkfFXa,0.489,182693,0.9,3IPkbTA8KkdDXyWtGkfFXa,0.0,7,0.247,-3.563,1,0.0488,200.054,4,https://api.spotify.com/v1/tracks/3IPkbTA8KkdDXyWtGkfFXa,audio_features,spotify:track:3IPkbTA8KkdDXyWtGkfFXa,0.611,0
10,0.353,https://api.spotify.com/v1/audio-analysis/5H4YGepZNnPhnOHA9vZSEP,0.791,166787,0.715,5H4YGepZNnPhnOHA9vZSEP,0.0,7,0.115,-5.809,1,0.0377,112.027,4,https://api.spotify.com/v1/tracks/5H4YGepZNnPhnOHA9vZSEP,audio_features,spotify:track:5H4YGepZNnPhnOHA9vZSEP,0.593,0
11,0.107,https://api.spotify.com/v1/audio-analysis/7M1PQZeyqslVtY5ZiYBGLo,0.687,172534,0.75,7M1PQZeyqslVtY5ZiYBGLo,3.05e-06,11,0.161,-4.537,1,0.0965,98.987,4,https://api.spotify.com/v1/tracks/7M1PQZeyqslVtY5ZiYBGLo,audio_features,spotify:track:7M1PQZeyqslVtY5ZiYBGLo,0.911,0
12,0.0351,https://api.spotify.com/v1/audio-analysis/4EIW00kTdPSUDOJwkN80x5,0.588,183871,0.868,4EIW00kTdPSUDOJwkN80x5,0.0,10,0.118,-4.904,1,0.0384,92.021,4,https://api.spotify.com/v1/tracks/4EIW00kTdPSUDOJwkN80x5,audio_features,spotify:track:4EIW00kTdPSUDOJwkN80x5,0.559,0
13,0.496,https://api.spotify.com/v1/audio-analysis/6UsoV6X96Rox9mfxoz7SFy,0.846,197840,0.711,6UsoV6X96Rox9mfxoz7SFy,0.0,0,0.247,-7.939,1,0.061,120.013,4,https://api.spotify.com/v1/tracks/6UsoV6X96Rox9mfxoz7SFy,audio_features,spotify:track:6UsoV6X96Rox9mfxoz7SFy,0.883,0
14,0.368,https://api.spotify.com/v1/audio-analysis/2gVBXeTjwL0ZEh9gjsQjk0,0.494,211427,0.78,2gVBXeTjwL0ZEh9gjsQjk0,0.0,11,0.0921,-3.825,1,0.064,159.708,4,https://api.spotify.com/v1/tracks/2gVBXeTjwL0ZEh9gjsQjk0,audio_features,spotify:track:2gVBXeTjwL0ZEh9gjsQjk0,0.664,0
15,0.593,https://api.spotify.com/v1/audio-analysis/6usHXaTn54uwwozmH00d3X,0.725,184080,0.437,6usHXaTn54uwwozmH00d3X,0.0,6,0.0842,-9.602,1,0.0575,83.985,4,https://api.spotify.com/v1/tracks/6usHXaTn54uwwozmH00d3X,audio_features,spotify:track:6usHXaTn54uwwozmH00d3X,0.759,0
16,0.047,https://api.spotify.com/v1/audio-analysis/7iDa6hUg2VgEL1o1HjmfBn,0.643,163870,0.783,7iDa6hUg2VgEL1o1HjmfBn,0.0,10,0.083,-6.458,1,0.0856,154.084,4,https://api.spotify.com/v1/tracks/7iDa6hUg2VgEL1o1HjmfBn,audio_features,spotify:track:7iDa6hUg2VgEL1o1HjmfBn,0.579,0
17,0.265,https://api.spotify.com/v1/audio-analysis/1KTLLe980WR4RLKg74Ud6e,0.488,208653,0.637,1KTLLe980WR4RLKg74Ud6e,0.0,10,0.106,-7.63,1,0.0401,88.872,4,https://api.spotify.com/v1/tracks/1KTLLe980WR4RLKg74Ud6e,audio_features,spotify:track:1KTLLe980WR4RLKg74Ud6e,0.23,0
18,0.189,https://api.spotify.com/v1/audio-analysis/6QkObBYNxVVUYt4FSpnTqY,0.692,160107,0.692,6QkObBYNxVVUYt4FSpnTqY,0.0,2,0.0884,-6.065,1,0.0818,153.255,4,https://api.spotify.com/v1/tracks/6QkObBYNxVVUYt4FSpnTqY,audio_features,spotify:track:6QkObBYNxVVUYt4FSpnTqY,0.75,0
19,0.013,https://api.spotify.com/v1/audio-analysis/1mMLMZYXkMueg65jRRWG1l,0.551,240760,0.801,1mMLMZYXkMueg65jRRWG1l,6.03e-06,6,0.265,-5.069,1,0.0303,128.027,4,https://api.spotify.com/v1/tracks/1mMLMZYXkMueg65jRRWG1l,audio_features,spotify:track:1mMLMZYXkMueg65jRRWG1l,0.625,0
20,0.0896,https://api.spotify.com/v1/audio-analysis/7rdK9NSJIRBZAiXC0vuBS9,0.716,185707,0.718,7rdK9NSJIRBZAiXC0vuBS9,0.0,0,0.473,-5.355,1,0.0293,100.934,4,https://api.spotify.com/v1/tracks/7rdK9NSJIRBZAiXC0vuBS9,audio_features,spotify:track:7rdK9NSJIRBZAiXC0vuBS9,0.537,0
21,0.103,https://api.spotify.com/v1/audio-analysis/09ts3GnICqYEU5PkQCpJK3,0.707,278893,0.632,09ts3GnICqYEU5PkQCpJK3,1.09e-05,10,0.0841,-7.031,1,0.0789,97.04,4,https://api.spotify.com/v1/tracks/09ts3GnICqYEU5PkQCpJK3,audio_features,spotify:track:09ts3GnICqYEU5PkQCpJK3,0.372,0
22,0.00719,https://api.spotify.com/v1/audio-analysis/2BgunkkepMPFpArQj1Dx5s,0.564,160991,0.904,2BgunkkepMPFpArQj1Dx5s,0.0,7,0.528,-3.808,1,0.0582,124.102,4,https://api.spotify.com/v1/tracks/2BgunkkepMPFpArQj1Dx5s,audio_features,spotify:track:2BgunkkepMPFpArQj1Dx5s,0.637,0
23,0.161,https://api.spotify.com/v1/audio-analysis/2N2EoS0dVmkNT0tfI0OYUA,0.587,184156,0.863,2N2EoS0dVmkNT0tfI0OYUA,0.0,4,0.159,-4.803,1,0.04,160.167,4,https://api.spotify.com/v1/tracks/2N2EoS0dVmkNT0tfI0OYUA,audio_features,spotify:track:2N2EoS0dVmkNT0tfI0OYUA,0.537,0
24,0.00909,https://api.spotify.com/v1/audio-analysis/0TiyDTDc569zUUa9wyiRD7,0.543,178772,0.836,0TiyDTDc569zUUa9wyiRD7,0.0,6,0.162,-5.477,1,0.055,120.071,4,https://api.spotify.com/v1/tracks/0TiyDTDc569zUUa9wyiRD7,audio_features,spotify:track:0TiyDTDc569zUUa9wyiRD7,0.695,0
25,0.0285,https://api.spotify.com/v1/audio-analysis/2p2cCrOaNrIOLk5ArtlHy6,0.599,180302,0.931,2p2cCrOaNrIOLk5ArtlHy6,0.0,11,0.102,-3.662,1,0.0517,111.012,4,https://api.spotify.com/v1/tracks/2p2cCrOaNrIOLk5ArtlHy6,audio_features,spotify:track:2p2cCrOaNrIOLk5ArtlHy6,0.788,0
26,0.0106,https://api.spotify.com/v1/audio-analysis/5gfK6bZFaApxdSHsHXrwPD,0.501,175493,0.876,5gfK6bZFaApxdSHsHXrwPD,0.0,3,0.135,-4.792,1,0.0404,159.025,4,https://api.spotify.com/v1/tracks/5gfK6bZFaApxdSHsHXrwPD,audio_features,spotify:track:5gfK6bZFaApxdSHsHXrwPD,0.681,0
27,0.13,https://api.spotify.com/v1/audio-analysis/77a5Eu7lC3tG0Sukt2O91U,0.659,230013,0.902,77a5Eu7lC3tG0Sukt2O91U,9.45e-05,7,0.0574,-6.192,1,0.0296,124.985,4,https://api.spotify.com/v1/tracks/77a5Eu7lC3tG0Sukt2O91U,audio_features,spotify:track:77a5Eu7lC3tG0Sukt2O91U,0.809,0
28,0.302,https://api.spotify.com/v1/audio-analysis/0Is6MRHWKe7y2xIxDkvO6l,0.603,192920,0.625,0Is6MRHWKe7y2xIxDkvO6l,0.0,6,0.141,-6.563,1,0.0258,96.02,4,https://api.spotify.com/v1/tracks/0Is6MRHWKe7y2xIxDkvO6l,audio_features,spotify:track:0Is6MRHWKe7y2xIxDkvO6l,0.651,0
29,0.476,https://api.spotify.com/v1/audio-analysis/5slddJ629YcePvqD6Uyk8r,0.557,219600,0.571,5slddJ629YcePvqD6Uyk8r,0.00114,10,0.101,-8.106,1,0.0281,80.981,4,https://api.spotify.com/v1/tracks/5slddJ629YcePvqD6Uyk8r,audio_features,spotify:track:5slddJ629YcePvqD6Uyk8r,0.392,0
30,0.042,https://api.spotify.com/v1/audio-analysis/7AK5vh1cRnO3YxAjOjL4Yy,0.687,195418,0.625,7AK5vh1cRnO3YxAjOjL4Yy,0.0,1,0.151,-6.942,0,0.0284,104.027,4,https://api.spotify.com/v1/tracks/7AK5vh1cRnO3YxAjOjL4Yy,audio_features,spotify:track:7AK5vh1cRnO3YxAjOjL4Yy,0.866,0
31,0.143,https://api.spotify.com/v1/audio-analysis/1mJMD1VIQ7jWTP9DK2zmY0,0.492,212445,0.681,1mJMD1VIQ7jWTP9DK2zmY0,0.0,6,0.199,-7.038,1,0.075,178.01,4,https://api.spotify.com/v1/tracks/1mJMD1VIQ7jWTP9DK2zmY0,audio_features,spotify:track:1mJMD1VIQ7jWTP9DK2zmY0,0.511,0
32,0.00651,https://api.spotify.com/v1/audio-analysis/0wyja8xD9cNhDtfuY0dVMP,0.474,195667,0.583,0wyja8xD9cNhDtfuY0dVMP,0.0,4,0.128,-7.093,1,0.0469,148.051,4,https://api.spotify.com/v1/tracks/0wyja8xD9cNhDtfuY0dVMP,audio_features,spotify:track:0wyja8xD9cNhDtfuY0dVMP,0.366,0
33,0.0651,https://api.spotify.com/v1/audio-analysis/6CyJlVAEFlNdpggOLanytL,0.434,185440,0.831,6CyJlVAEFlNdpggOLanytL,0.0,8,0.119,-4.774,1,0.0453,156.034,4,https://api.spotify.com/v1/tracks/6CyJlVAEFlNdpggOLanytL,audio_features,spotify:track:6CyJlVAEFlNdpggOLanytL,0.596,0
34,0.0362,https://api.spotify.com/v1/audio-analysis/6LF5IVPG7xBcvPgI6Bfcsl,0.597,149293,0.721,6LF5IVPG7xBcvPgI6Bfcsl,0.0,9,0.0832,-6.422,1,0.0356,132.054,4,https://api.spotify.com/v1/tracks/6LF5IVPG7xBcvPgI6Bfcsl,audio_features,spotify:track:6LF5IVPG7xBcvPgI6Bfcsl,0.437,0
35,0.144,https://api.spotify.com/v1/audio-analysis/2Nc8Imt04W3ZmcBF8dPQKc,0.631,227573,0.658,2Nc8Imt04W3ZmcBF8dPQKc,0.0,5,0.22,-5.313,1,0.0281,80.996,4,https://api.spotify.com/v1/tracks/2Nc8Imt04W3ZmcBF8dPQKc,audio_features,spotify:track:2Nc8Imt04W3ZmcBF8dPQKc,0.7,0
36,0.456,https://api.spotify.com/v1/audio-analysis/7uVkYr8gxcPEgqohvynpdN,0.51,199436,0.386,7uVkYr8gxcPEgqohvynpdN,0.0,1,0.252,-8.391,1,0.0307,86.36,4,https://api.spotify.com/v1/tracks/7uVkYr8gxcPEgqohvynpdN,audio_features,spotify:track:7uVkYr8gxcPEgqohvynpdN,0.266,0
37,0.0913,https://api.spotify.com/v1/audio-analysis/3LhzpgimYSZhTx5KuchwVX,0.59,196240,0.881,3LhzpgimYSZhTx5KuchwVX,0.0,6,0.157,-2.898,1,0.0349,129.928,4,https://api.spotify.com/v1/tracks/3LhzpgimYSZhTx5KuchwVX,audio_features,spotify:track:3LhzpgimYSZhTx5KuchwVX,0.734,0
38,0.081,https://api.spotify.com/v1/audio-analysis/1dbRZljBhUrIFrpLTXOXqq,0.49,170440,0.88,1dbRZljBhUrIFrpLTXOXqq,0.0,7,0.103,-5.185,1,0.0731,91.93,4,https://api.spotify.com/v1/tracks/1dbRZljBhUrIFrpLTXOXqq,audio_features,spotify:track:1dbRZljBhUrIFrpLTXOXqq,0.493,0
39,0.032,https://api.spotify.com/v1/audio-analysis/30MM5jWpUmOxtTNd9Ey5LZ,0.663,157080,0.738,30MM5jWpUmOxtTNd9Ey5LZ,0.000225,7,0.0856,-5.48,1,0.0303,130.02,4,https://api.spotify.com/v1/tracks/30MM5jWpUmOxtTNd9Ey5LZ,audio_features,spotify:track:30MM5jWpUmOxtTNd9Ey5LZ,0.825,0
40,0.122,https://api.spotify.com/v1/audio-analysis/3I7krC8kr0gFR7P6vInR1I,0.549,234306,0.751,3I7krC8kr0gFR7P6vInR1I,0.0,9,0.208,-5.423,1,0.0299,89.953,4,https://api.spotify.com/v1/tracks/3I7krC8kr0gFR7P6vInR1I,audio_features,spotify:track:3I7krC8kr0gFR7P6vInR1I,0.493,0
41,0.023,https://api.spotify.com/v1/audio-analysis/3yHTTHbT058Ow0favhZO38,0.526,184173,0.85,3yHTTHbT058Ow0favhZO38,0.0,10,0.0948,-4.47,0,0.0313,141.973,4,https://api.spotify.com/v1/tracks/3yHTTHbT058Ow0favhZO38,audio_features,spotify:track:3yHTTHbT058Ow0favhZO38,0.338,0
42,0.189,https://api.spotify.com/v1/audio-analysis/5Zx1zVpDJsNgyY3HvNfsfC,0.557,171493,0.807,5Zx1zVpDJsNgyY3HvNfsfC,0.0,7,0.234,-5.428,1,0.0825,81.045,4,https://api.spotify.com/v1/tracks/5Zx1zVpDJsNgyY3HvNfsfC,audio_features,spotify:track:5Zx1zVpDJsNgyY3HvNfsfC,0.578,0
43,0.204,https://api.spotify.com/v1/audio-analysis/6W4DY8jGf8POlFsMQhR2E6,0.617,253084,0.482,6W4DY8jGf8POlFsMQhR2E6,0.0,0,0.216,-5.121,1,0.0322,81.73,4,https://api.spotify.com/v1/tracks/6W4DY8jGf8POlFsMQhR2E6,audio_features,spotify:track:6W4DY8jGf8POlFsMQhR2E6,0.508,0
44,0.00766,https://api.spotify.com/v1/audio-analysis/0ya80Qhw7hgeJp2L6zvxcj,0.636,207053,0.784,0ya80Qhw7hgeJp2L6zvxcj,1.07e-05,2,0.0806,-6.01,1,0.0454,96.996,4,https://api.spotify.com/v1/tracks/0ya80Qhw7hgeJp2L6zvxcj,audio_features,spotify:track:0ya80Qhw7hgeJp2L6zvxcj,0.613,0
45,0.196,https://api.spotify.com/v1/audio-analysis/3T6MAweakkNrMYs8jZIWtg,0.582,207187,0.568,3T6MAweakkNrMYs8jZIWtg,0.0,1,0.0841,-6.051,1,0.0297,76.025,4,https://api.spotify.com/v1/tracks/3T6MAweakkNrMYs8jZIWtg,audio_features,spotify:track:3T6MAweakkNrMYs8jZIWtg,0.64,0
46,0.113,https://api.spotify.com/v1/audio-analysis/0OWZFobGSIW9GrSlQ9C5pc,0.588,205453,0.408,0OWZFobGSIW9GrSlQ9C5pc,0.0,3,0.13,-8.662,1,0.0237,85.008,4,https://api.spotify.com/v1/tracks/0OWZFobGSIW9GrSlQ9C5pc,audio_features,spotify:track:0OWZFobGSIW9GrSlQ9C5pc,0.484,0
47,0.102,https://api.spotify.com/v1/audio-analysis/52K3RIVDetSuZPzcTmIVoY,0.603,188013,0.872,52K3RIVDetSuZPzcTmIVoY,0.0,6,0.0505,-3.563,1,0.0487,94.008,4,https://api.spotify.com/v1/tracks/52K3RIVDetSuZPzcTmIVoY,audio_features,spotify:track:52K3RIVDetSuZPzcTmIVoY,0.594,0
48,0.263,https://api.spotify.com/v1/audio-analysis/1HXy5I3HTWq8OvxCn0z7G7,0.677,179507,0.556,1HXy5I3HTWq8OvxCn0z7G7,0.0,9,0.105,-6.544,1,0.0306,80.009,4,https://api.spotify.com/v1/tracks/1HXy5I3HTWq8OvxCn0z7G7,audio_features,spotify:track:1HXy5I3HTWq8OvxCn0z7G7,0.521,0
49,0.54,https://api.spotify.com/v1/audio-analysis/4pYd8dIohiqc3KsxSRqf0w,0.504,216993,0.472,4pYd8dIohiqc3KsxSRqf0w,0.0,9,0.306,-6.925,1,0.0404,73.521,4,https://api.spotify.com/v1/tracks/4pYd8dIohiqc3KsxSRqf0w,audio_features,spotify:track:4pYd8dIohiqc3KsxSRqf0w,0.313,0
50,0.119,https://api.spotify.com/v1/audio-analysis/6RSNKGdv3nDTHqgw4bdzyF,0.555,216960,0.722,6RSNKGdv3nDTHqgw4bdzyF,0.0,11,0.0861,-6.005,1,0.034,134.058,4,https://api.spotify.com/v1/tracks/6RSNKGdv3nDTHqgw4bdzyF,audio_features,spotify:track:6RSNKGdv3nDTHqgw4bdzyF,0.559,0
51,0.147,https://api.spotify.com/v1/audio-analysis/10Igtw8bSDyyFs7KIsKngZ,0.755,216632,0.599,10Igtw8bSDyyFs7KIsKngZ,0.0,8,0.109,-5.042,1,0.224,133.123,4,https://api.spotify.com/v1/tracks/10Igtw8bSDyyFs7KIsKngZ,audio_features,spotify:track:10Igtw8bSDyyFs7KIsKngZ,0.755,0
52,0.000738,https://api.spotify.com/v1/audio-analysis/739vCwA3EpBSkk3uDsI2wB,0.777,226107,0.657,739vCwA3EpBSkk3uDsI2wB,3.34e-06,1,0.0932,-6.434,1,0.237,189.992,4,https://api.spotify.com/v1/tracks/739vCwA3EpBSkk3uDsI2wB,audio_features,spotify:track:739vCwA3EpBSkk3uDsI2wB,0.245,0
53,0.0956,https://api.spotify.com/v1/audio-analysis/45Egmo7icyopuzJN0oMEdk,0.708,201707,0.648,45Egmo7icyopuzJN0oMEdk,0.0,6,0.134,-5.626,1,0.0449,143.955,4,https://api.spotify.com/v1/tracks/45Egmo7icyopuzJN0oMEdk,audio_features,spotify:track:45Egmo7icyopuzJN0oMEdk,0.338,0
54,0.59,https://api.spotify.com/v1/audio-analysis/7wrDRQgHlvDnimrRHfQZxt,0.748,220880,0.546,7wrDRQgHlvDnimrRHfQZxt,0.0,8,0.112,-8.134,1,0.106,140.005,4,https://api.spotify.com/v1/tracks/7wrDRQgHlvDnimrRHfQZxt,audio_features,spotify:track:7wrDRQgHlvDnimrRHfQZxt,0.413,0
55,0.00664,https://api.spotify.com/v1/audio-analysis/6RnkFd8Fqqgk1Uni8RgqCQ,0.635,202500,0.9,6RnkFd8Fqqgk1Uni8RgqCQ,0.0145,0,0.37,-3.719,0,0.0377,127.978,4,https://api.spotify.com/v1/tracks/6RnkFd8Fqqgk1Uni8RgqCQ,audio_features,spotify:track:6RnkFd8Fqqgk1Uni8RgqCQ,0.15,0
56,0.205,https://api.spotify.com/v1/audio-analysis/08bNPGLD8AhKpnnERrAc6G,0.626,202621,0.88,08bNPGLD8AhKpnnERrAc6G,0.0,9,0.128,-2.384,0,0.0504,95.079,4,https://api.spotify.com/v1/tracks/08bNPGLD8AhKpnnERrAc6G,audio_features,spotify:track:08bNPGLD8AhKpnnERrAc6G,0.534,0
57,0.00523,https://api.spotify.com/v1/audio-analysis/6y68QK2SwC38YxsbxHrA8I,0.804,199945,0.823,6y68QK2SwC38YxsbxHrA8I,2.77e-06,11,0.168,-3.496,0,0.147,98.026,4,https://api.spotify.com/v1/tracks/6y68QK2SwC38YxsbxHrA8I,audio_features,spotify:track:6y68QK2SwC38YxsbxHrA8I,0.619,0
58,0.0309,https://api.spotify.com/v1/audio-analysis/2XW4DbS6NddZxRPm5rMCeY,0.758,198960,0.448,2XW4DbS6NddZxRPm5rMCeY,8.67e-05,7,0.558,-9.441,1,0.103,77.176,4,https://api.spotify.com/v1/tracks/2XW4DbS6NddZxRPm5rMCeY,audio_features,spotify:track:2XW4DbS6NddZxRPm5rMCeY,0.373,0
59,0.00836,https://api.spotify.com/v1/audio-analysis/3pIigjAWkzwAonXpJ1fmSF,0.471,224027,0.755,3pIigjAWkzwAonXpJ1fmSF,0.0,11,0.368,-6.612,0,0.0455,154.801,4,https://api.spotify.com/v1/tracks/3pIigjAWkzwAonXpJ1fmSF,audio_features,spotify:track:3pIigjAWkzwAonXpJ1fmSF,0.512,0
60,0.0253,https://api.spotify.com/v1/audio-analysis/6J3YPOejivwLSjM2dru5Ad,0.818,210675,0.563,6J3YPOejivwLSjM2dru5Ad,0.0,2,0.0909,-8.096,1,0.398,152.108,4,https://api.spotify.com/v1/tracks/6J3YPOejivwLSjM2dru5Ad,audio_features,spotify:track:6J3YPOejivwLSjM2dru5Ad,0.486,0
61,0.224,https://api.spotify.com/v1/audio-analysis/0gD6lWJhbXHWNVwQziSVvl,0.882,175511,0.503,0gD6lWJhbXHWNVwQziSVvl,0.0,11,0.108,-6.618,1,0.179,95.011,4,https://api.spotify.com/v1/tracks/0gD6lWJhbXHWNVwQziSVvl,audio_features,spotify:track:0gD6lWJhbXHWNVwQziSVvl,0.176,0
62,0.173,https://api.spotify.com/v1/audio-analysis/4v0CuFW0bEMBQ1gRn2mB3X,0.68,190720,0.738,4v0CuFW0bEMBQ1gRn2mB3X,0.00036,6,0.37,-4.881,0,0.0331,105.015,4,https://api.spotify.com/v1/tracks/4v0CuFW0bEMBQ1gRn2mB3X,audio_features,spotify:track:4v0CuFW0bEMBQ1gRn2mB3X,0.675,0
63,0.128,https://api.spotify.com/v1/audio-analysis/1OmcAT5Y8eg5bUPv9qJT4R,0.58,218320,0.531,1OmcAT5Y8eg5bUPv9qJT4R,0.000127,5,0.143,-6.631,0,0.0776,159.786,4,https://api.spotify.com/v1/tracks/1OmcAT5Y8eg5bUPv9qJT4R,audio_features,spotify:track:1OmcAT5Y8eg5bUPv9qJT4R,0.141,0
64,0.00189,https://api.spotify.com/v1/audio-analysis/3s3VVLE1kB7Xk2AoJKlGmr,0.868,217560,0.752,3s3VVLE1kB7Xk2AoJKlGmr,1.69e-05,1,0.142,-6.786,1,0.0667,149.987,4,https://api.spotify.com/v1/tracks/3s3VVLE1kB7Xk2AoJKlGmr,audio_features,spotify:track:3s3VVLE1kB7Xk2AoJKlGmr,0.874,0
65,0.0387,https://api.spotify.com/v1/audio-analysis/1HagMz5nWk1HmevNCBOxF3,0.671,190921,0.834,1HagMz5nWk1HmevNCBOxF3,0.0,1,0.454,-3.928,0,0.0885,113.021,4,https://api.spotify.com/v1/tracks/1HagMz5nWk1HmevNCBOxF3,audio_features,spotify:track:1HagMz5nWk1HmevNCBOxF3,0.454,0
66,0.0264,https://api.spotify.com/v1/audio-analysis/67BEhVyQPe661gMYUyEhLw,0.676,171000,0.775,67BEhVyQPe661gMYUyEhLw,0.0,0,0.123,-6.369,0,0.168,104.913,4,https://api.spotify.com/v1/tracks/67BEhVyQPe661gMYUyEhLw,audio_features,spotify:track:67BEhVyQPe661gMYUyEhLw,0.402,0
67,0.114,https://api.spotify.com/v1/audio-analysis/33KJ2xFYONOlIYDBg6wPx8,0.755,198040,0.536,33KJ2xFYONOlIYDBg6wPx8,0.0,8,0.0282,-5.605,1,0.12,138.969,4,https://api.spotify.com/v1/tracks/33KJ2xFYONOlIYDBg6wPx8,audio_features,spotify:track:33KJ2xFYONOlIYDBg6wPx8,0.882,0
68,0.407,https://api.spotify.com/v1/audio-analysis/3gsOAmZ9E4XlyQvzIKJT8d,0.907,195960,0.61,3gsOAmZ9E4XlyQvzIKJT8d,3.06e-06,1,0.129,-6.716,1,0.0886,112.011,4,https://api.spotify.com/v1/tracks/3gsOAmZ9E4XlyQvzIKJT8d,audio_features,spotify:track:3gsOAmZ9E4XlyQvzIKJT8d,0.963,0
69,0.0868,https://api.spotify.com/v1/audio-analysis/42tFTth2jcF7iSo0RBjfJF,0.839,189050,0.902,42tFTth2jcF7iSo0RBjfJF,0.00257,1,0.272,-3.612,0,0.0536,114.953,4,https://api.spotify.com/v1/tracks/42tFTth2jcF7iSo0RBjfJF,audio_features,spotify:track:42tFTth2jcF7iSo0RBjfJF,0.639,0
70,0.0319,https://api.spotify.com/v1/audio-analysis/5EzitieoPnjyKHAq0gfRMa,0.749,190423,0.85,5EzitieoPnjyKHAq0gfRMa,4.81e-05,0,0.0678,-4.346,1,0.0468,145.983,4,https://api.spotify.com/v1/tracks/5EzitieoPnjyKHAq0gfRMa,audio_features,spotify:track:5EzitieoPnjyKHAq0gfRMa,0.672,0
71,0.0253,https://api.spotify.com/v1/audio-analysis/18W92Zm1KjLCbUIszOhpkD,0.661,197939,0.725,18W92Zm1KjLCbUIszOhpkD,0.0,6,0.123,-4.859,1,0.0563,119.927,4,https://api.spotify.com/v1/tracks/18W92Zm1KjLCbUIszOhpkD,audio_features,spotify:track:18W92Zm1KjLCbUIszOhpkD,0.605,0
72,0.014,https://api.spotify.com/v1/audio-analysis/6tHWl8ows5JOZq9Yfaqn3M,0.716,133995,0.805,6tHWl8ows5JOZq9Yfaqn3M,3.1e-06,4,0.291,-3.839,1,0.0856,142.886,4,https://api.spotify.com/v1/tracks/6tHWl8ows5JOZq9Yfaqn3M,audio_features,spotify:track:6tHWl8ows5JOZq9Yfaqn3M,0.719,0
73,0.0312,https://api.spotify.com/v1/audio-analysis/7rKCmo4SZhKubupJdsuM5S,0.573,331125,0.688,7rKCmo4SZhKubupJdsuM5S,0.0,6,0.0962,-7.303,1,0.0372,110.739,4,https://api.spotify.com/v1/tracks/7rKCmo4SZhKubupJdsuM5S,audio_features,spotify:track:7rKCmo4SZhKubupJdsuM5S,0.189,0
74,0.0928,https://api.spotify.com/v1/audio-analysis/7uvDJFly0TCWWsK48NI1fx,0.755,226120,0.649,7uvDJFly0TCWWsK48NI1fx,0.000177,5,0.0939,-7.573,0,0.0303,104.022,4,https://api.spotify.com/v1/tracks/7uvDJFly0TCWWsK48NI1fx,audio_features,spotify:track:7uvDJFly0TCWWsK48NI1fx,0.734,0
75,0.125,https://api.spotify.com/v1/audio-analysis/0WWUC8RjWvuBTkiiFDxyQf,0.534,246933,0.784,0WWUC8RjWvuBTkiiFDxyQf,8.92e-06,0,0.0753,-6.542,1,0.0476,118.011,4,https://api.spotify.com/v1/tracks/0WWUC8RjWvuBTkiiFDxyQf,audio_features,spotify:track:0WWUC8RjWvuBTkiiFDxyQf,0.251,0
76,0.00216,https://api.spotify.com/v1/audio-analysis/4hPxXTBcUoEQjedrVPXelB,0.615,194147,0.592,4hPxXTBcUoEQjedrVPXelB,0.0,7,0.0809,-7.676,1,0.065,86.994,4,https://api.spotify.com/v1/tracks/4hPxXTBcUoEQjedrVPXelB,audio_features,spotify:track:4hPxXTBcUoEQjedrVPXelB,0.196,0
77,0.00983,https://api.spotify.com/v1/audio-analysis/0ZoNpycWGCmmXQ5JJxzSlH,0.345,247617,0.775,0ZoNpycWGCmmXQ5JJxzSlH,0.000421,9,0.242,-7.879,0,0.0621,150.02,4,https://api.spotify.com/v1/tracks/0ZoNpycWGCmmXQ5JJxzSlH,audio_features,spotify:track:0ZoNpycWGCmmXQ5JJxzSlH,0.269,0
78,0.176,https://api.spotify.com/v1/audio-analysis/0qFX9pVJQB4lBMxRoFXqGr,0.784,236944,0.58,0qFX9pVJQB4lBMxRoFXqGr,0.0,0,0.0979,-6.656,1,0.167,76.484,4,https://api.spotify.com/v1/tracks/0qFX9pVJQB4lBMxRoFXqGr,audio_features,spotify:track:0qFX9pVJQB4lBMxRoFXqGr,0.338,0
79,0.0497,https://api.spotify.com/v1/audio-analysis/4VmcVEuTlYnWcc6QksaLyw,0.897,176842,0.632,4VmcVEuTlYnWcc6QksaLyw,7.96e-06,4,0.111,-6.097,0,0.296,151.99,4,https://api.spotify.com/v1/tracks/4VmcVEuTlYnWcc6QksaLyw,audio_features,spotify:track:4VmcVEuTlYnWcc6QksaLyw,0.499,0
80,0.0679,https://api.spotify.com/v1/audio-analysis/3ZYwSDF9knZI0RVlKR4PHC,0.901,183809,0.529,3ZYwSDF9knZI0RVlKR4PHC,0.0,8,0.536,-7.94,1,0.413,144.941,4,https://api.spotify.com/v1/tracks/3ZYwSDF9knZI0RVlKR4PHC,audio_features,spotify:track:3ZYwSDF9knZI0RVlKR4PHC,0.343,0
81,0.00104,https://api.spotify.com/v1/audio-analysis/4qKcDkK6siZ7Jp1Jb4m0aL,0.922,181263,0.581,4qKcDkK6siZ7Jp1Jb4m0aL,5.86e-05,10,0.105,-7.495,1,0.27,140.022,4,https://api.spotify.com/v1/tracks/4qKcDkK6siZ7Jp1Jb4m0aL,audio_features,spotify:track:4qKcDkK6siZ7Jp1Jb4m0aL,0.595,0
82,0.0149,https://api.spotify.com/v1/audio-analysis/2yUbCEiaolfSMluDo9RMmG,0.712,332301,0.829,2yUbCEiaolfSMluDo9RMmG,0.0,1,0.122,-4.707,0,0.141,173.953,4,https://api.spotify.com/v1/tracks/2yUbCEiaolfSMluDo9RMmG,audio_features,spotify:track:2yUbCEiaolfSMluDo9RMmG,0.593,0
83,0.0301,https://api.spotify.com/v1/audio-analysis/0TFVOjSvPTjFHkiZZekK5k,0.964,218261,0.555,0TFVOjSvPTjFHkiZZekK5k,0.000567,5,0.128,-6.245,0,0.0499,130.017,4,https://api.spotify.com/v1/tracks/0TFVOjSvPTjFHkiZZekK5k,audio_features,spotify:track:0TFVOjSvPTjFHkiZZekK5k,0.338,0
84,0.121,https://api.spotify.com/v1/audio-analysis/4lTiuD1DwBKo4L7wqMkD7C,0.733,144149,0.678,4lTiuD1DwBKo4L7wqMkD7C,0.0,6,0.345,-7.771,1,0.439,175.984,4,https://api.spotify.com/v1/tracks/4lTiuD1DwBKo4L7wqMkD7C,audio_features,spotify:track:4lTiuD1DwBKo4L7wqMkD7C,0.841,0
85,0.196,https://api.spotify.com/v1/audio-analysis/2xCzUIQwX5Y3wEFJnHoc3J,0.88,170000,0.61,2xCzUIQwX5Y3wEFJnHoc3J,0.0,9,0.105,-5.257,1,0.402,135.993,4,https://api.spotify.com/v1/tracks/2xCzUIQwX5Y3wEFJnHoc3J,audio_features,spotify:track:2xCzUIQwX5Y3wEFJnHoc3J,0.383,0
86,0.0455,https://api.spotify.com/v1/audio-analysis/6tarvNiKnEjYMj1VZhlDqR,0.667,153475,0.723,6tarvNiKnEjYMj1VZhlDqR,0.000179,5,0.213,-4.31,0,0.27,148.057,4,https://api.spotify.com/v1/tracks/6tarvNiKnEjYMj1VZhlDqR,audio_features,spotify:track:6tarvNiKnEjYMj1VZhlDqR,0.251,0
87,0.128,https://api.spotify.com/v1/audio-analysis/5NkfVQS8BkceRgoSQwcW6H,0.871,273087,0.552,5NkfVQS8BkceRgoSQwcW6H,0.0,4,0.272,-4.953,0,0.0509,141.973,4,https://api.spotify.com/v1/tracks/5NkfVQS8BkceRgoSQwcW6H,audio_features,spotify:track:5NkfVQS8BkceRgoSQwcW6H,0.27,0
88,0.139,https://api.spotify.com/v1/audio-analysis/5Qx9hngUBr30JFrNua7yp4,0.851,129105,0.666,5Qx9hngUBr30JFrNua7yp4,0.0,11,0.105,-5.334,0,0.0694,134.068,4,https://api.spotify.com/v1/tracks/5Qx9hngUBr30JFrNua7yp4,audio_features,spotify:track:5Qx9hngUBr30JFrNua7yp4,0.0585,0
89,0.738,https://api.spotify.com/v1/audio-analysis/365wwIjijQdlRJEjUWTidq,0.781,234667,0.81,365wwIjijQdlRJEjUWTidq,0.0,10,0.144,-4.301,0,0.356,173.949,4,https://api.spotify.com/v1/tracks/365wwIjijQdlRJEjUWTidq,audio_features,spotify:track:365wwIjijQdlRJEjUWTidq,0.908,0
90,0.0326,https://api.spotify.com/v1/audio-analysis/1pWeQDyW5ieMmfjr8HP5TU,0.799,185200,0.325,1pWeQDyW5ieMmfjr8HP5TU,3.53e-05,2,0.114,-9.91,1,0.506,157.966,4,https://api.spotify.com/v1/tracks/1pWeQDyW5ieMmfjr8HP5TU,audio_features,spotify:track:1pWeQDyW5ieMmfjr8HP5TU,0.233,0
91,0.991,https://api.spotify.com/v1/audio-analysis/3FBk3DcCOC5gkhX50rbHbC,0.512,172457,0.121,3FBk3DcCOC5gkhX50rbHbC,0.74,9,0.0726,-19.46,1,0.0338,69.981,4,https://api.spotify.com/v1/tracks/3FBk3DcCOC5gkhX50rbHbC,audio_features,spotify:track:3FBk3DcCOC5gkhX50rbHbC,0.298,0
92,0.994,https://api.spotify.com/v1/audio-analysis/1hYEnW3hjGnnvTuEUlAD6h,0.356,174375,0.0199,1hYEnW3hjGnnvTuEUlAD6h,0.956,6,0.155,-26.752,0,0.0645,79.547,4,https://api.spotify.com/v1/tracks/1hYEnW3hjGnnvTuEUlAD6h,audio_features,spotify:track:1hYEnW3hjGnnvTuEUlAD6h,0.326,0
93,0.994,https://api.spotify.com/v1/audio-analysis/7gpL5CorPuYBthvZkPPFGd,0.161,138798,0.00613,7gpL5CorPuYBthvZkPPFGd,0.846,0,0.0895,-38.027,1,0.039,74.671,1,https://api.spotify.com/v1/tracks/7gpL5CorPuYBthvZkPPFGd,audio_features,spotify:track:7gpL5CorPuYBthvZkPPFGd,0.0363,0
94,0.000728,https://api.spotify.com/v1/audio-analysis/1mB5iZe1OrN9gYZtLOklI6,0.786,230880,0.669,1mB5iZe1OrN9gYZtLOklI6,0.0,1,0.0346,-8.273,0,0.0669,77.177,4,https://api.spotify.com/v1/tracks/1mB5iZe1OrN9gYZtLOklI6,audio_features,spotify:track:1mB5iZe1OrN9gYZtLOklI6,0.832,0
95,0.0744,https://api.spotify.com/v1/audio-analysis/3YbtjYddK11NTDdUpC4nGp,0.68,225395,0.878,3YbtjYddK11NTDdUpC4nGp,0.0,8,0.137,-3.923,0,0.0554,169.987,4,https://api.spotify.com/v1/tracks/3YbtjYddK11NTDdUpC4nGp,audio_features,spotify:track:3YbtjYddK11NTDdUpC4nGp,0.769,0
96,0.0749,https://api.spotify.com/v1/audio-analysis/260F1LrhRMiuXOZIaypMZd,0.728,283427,0.5,260F1LrhRMiuXOZIaypMZd,5.84e-06,4,0.108,-6.214,0,0.0344,138.528,4,https://api.spotify.com/v1/tracks/260F1LrhRMiuXOZIaypMZd,audio_features,spotify:track:260F1LrhRMiuXOZIaypMZd,0.382,0
97,0.0224,https://api.spotify.com/v1/audio-analysis/26IEVYmeFletNA10cOkdBb,0.66,243174,0.679,26IEVYmeFletNA10cOkdBb,0.0,2,0.0945,-6.749,1,0.111,164.11,4,https://api.spotify.com/v1/tracks/26IEVYmeFletNA10cOkdBb,audio_features,spotify:track:26IEVYmeFletNA10cOkdBb,0.595,0
98,0.217,https://api.spotify.com/v1/audio-analysis/2nkuZha8Oe9puQ8ZX1P9ha,0.747,216477,0.657,2nkuZha8Oe9puQ8ZX1P9ha,0.0,7,0.0844,-5.993,1,0.0525,96.286,4,https://api.spotify.com/v1/tracks/2nkuZha8Oe9puQ8ZX1P9ha,audio_features,spotify:track:2nkuZha8Oe9puQ8ZX1P9ha,0.725,0
99,0.242,https://api.spotify.com/v1/audio-analysis/2N60TAtXaCbmi7zqdUoW61,0.677,237961,0.74,2N60TAtXaCbmi7zqdUoW61,0.0146,2,0.105,-6.528,1,0.0243,110.193,4,https://api.spotify.com/v1/tracks/2N60TAtXaCbmi7zqdUoW61,audio_features,spotify:track:2N60TAtXaCbmi7zqdUoW61,0.679,0
